{"loss": [0.35886916518211365, 0.3163628876209259, 0.30663618445396423, 0.3011348247528076, 0.29747065901756287, 0.2947709560394287, 0.2926707863807678, 0.2910163104534149, 0.28959304094314575, 0.2884404957294464, 0.2873738408088684, 0.28653642535209656, 0.28577783703804016, 0.2851530909538269, 0.28454533219337463, 0.2840314209461212, 0.2835620045661926, 0.28316134214401245, 0.28275349736213684, 0.2824103534221649, 0.28210073709487915, 0.2817544937133789, 0.2814987003803253, 0.2811777889728546, 0.28093665838241577, 0.2807140350341797, 0.28049346804618835, 0.2802407145500183, 0.28003376722335815, 0.27985477447509766, 0.27967700362205505, 0.27949678897857666, 0.27931153774261475, 0.2791515588760376, 0.2790195047855377, 0.2788556218147278, 0.2787325382232666, 0.2786167562007904, 0.2784939706325531, 0.27838248014450073, 0.27825260162353516, 0.27815601229667664, 0.2780359983444214, 0.2779368460178375, 0.2778422236442566, 0.27774232625961304, 0.27765852212905884, 0.2775473892688751, 0.27747642993927, 0.2773856818675995], "val_loss": [0.32332491874694824, 0.3098316490650177, 0.3004319965839386, 0.2992621958255768, 0.29541248083114624, 0.2944268584251404, 0.29118165373802185, 0.2905212640762329, 0.287479043006897, 0.2865793704986572, 0.2845480144023895, 0.28691351413726807, 0.28464898467063904, 0.283521443605423, 0.28417450189590454, 0.28280797600746155, 0.28396549820899963, 0.28116580843925476, 0.2839079201221466, 0.2832277715206146, 0.27993276715278625, 0.28166165947914124, 0.281614750623703, 0.28051555156707764, 0.2805403172969818, 0.281109482049942, 0.2789577841758728, 0.27864617109298706, 0.2788698077201843, 0.28109389543533325, 0.2800118625164032, 0.28005218505859375, 0.28034529089927673, 0.2779785096645355, 0.278573602437973, 0.27765876054763794, 0.2774256467819214, 0.27790042757987976, 0.2778465449810028, 0.2791626453399658, 0.27805018424987793, 0.27637866139411926, 0.27862799167633057, 0.2768867015838623, 0.2764117121696472, 0.276909202337265, 0.2768143117427826, 0.2774422764778137, 0.27577856183052063, 0.27784207463264465]}